{
  "annotations": {
    "list": [
      {
        "builtIn": 1,
        "datasource": {
          "type": "datasource",
          "uid": "grafana"
        },
        "enable": true,
        "hide": true,
        "iconColor": "rgba(0, 211, 255, 1)",
        "name": "Annotations & Alerts",
        "target": {
          "limit": 100,
          "matchAny": false,
          "tags": [],
          "type": "dashboard"
        },
        "type": "dashboard"
      }
    ]
  },
  "description": "Erlang VM memory utilisation from erts_alloc perspective",
  "editable": true,
  "fiscalYearStartMonth": 0,
  "gnetId": 11350,
  "graphTooltip": 1,
  "id": 5,
  "links": [],
  "liveNow": false,
  "panels": [
    {
      "datasource": {
        "type": "prometheus",
        "uid": "PBFA97CFB590B2093"
      },
      "fieldConfig": {
        "defaults": {
          "color": {
            "mode": "thresholds"
          },
          "decimals": 1,
          "mappings": [
            {
              "options": {
                "match": "null",
                "result": {
                  "text": "N/A"
                }
              },
              "type": "special"
            }
          ],
          "thresholds": {
            "mode": "absolute",
            "steps": [
              {
                "color": "#E02F44",
                "value": null
              },
              {
                "color": "#3274D9",
                "value": 25
              },
              {
                "color": "#56A64B",
                "value": 50
              }
            ]
          },
          "unit": "percent",
          "unitScale": true
        },
        "overrides": []
      },
      "gridPos": {
        "h": 3,
        "w": 4,
        "x": 0,
        "y": 0
      },
      "id": 50,
      "links": [],
      "maxDataPoints": 100,
      "options": {
        "colorMode": "value",
        "graphMode": "area",
        "justifyMode": "auto",
        "orientation": "horizontal",
        "reduceOptions": {
          "calcs": [
            "lastNotNull"
          ],
          "fields": "",
          "values": false
        },
        "showPercentChange": false,
        "textMode": "auto",
        "wideLayout": true
      },
      "pluginVersion": "10.3.3",
      "repeatDirection": "v",
      "targets": [
        {
          "datasource": {
            "type": "prometheus",
            "uid": "PBFA97CFB590B2093"
          },
          "expr": "sum (erlang_vm_allocators{usage=\"blocks_size\"} * on(instance, job) group_left(rabbitmq_cluster, rabbitmq_node) rabbitmq_identity_info{rabbitmq_cluster=\"$rabbitmq_cluster\", namespace=\"$namespace\", rabbitmq_node=\"$rabbitmq_node\"})\n/\nsum (erlang_vm_allocators{usage=\"carriers_size\"} * on(instance, job) group_left(rabbitmq_cluster, rabbitmq_node) rabbitmq_identity_info{rabbitmq_cluster=\"$rabbitmq_cluster\", namespace=\"$namespace\", rabbitmq_node=\"$rabbitmq_node\"})\n* 100",
          "format": "time_series",
          "intervalFactor": 1,
          "refId": "A"
        }
      ],
      "title": "Allocated Used",
      "type": "stat"
    },
    {
      "datasource": {
        "type": "prometheus",
        "uid": "PBFA97CFB590B2093"
      },
      "fieldConfig": {
        "defaults": {
          "color": {
            "mode": "thresholds"
          },
          "decimals": 1,
          "mappings": [
            {
              "options": {
                "match": "null",
                "result": {
                  "text": "N/A"
                }
              },
              "type": "special"
            }
          ],
          "thresholds": {
            "mode": "absolute",
            "steps": [
              {
                "color": "#56A64B",
                "value": null
              },
              {
                "color": "#3274D9",
                "value": 50
              },
              {
                "color": "#E02F44",
                "value": 75
              }
            ]
          },
          "unit": "percent",
          "unitScale": true
        },
        "overrides": []
      },
      "gridPos": {
        "h": 3,
        "w": 4,
        "x": 4,
        "y": 0
      },
      "id": 51,
      "links": [],
      "maxDataPoints": 100,
      "options": {
        "colorMode": "value",
        "graphMode": "area",
        "justifyMode": "auto",
        "orientation": "horizontal",
        "reduceOptions": {
          "calcs": [
            "lastNotNull"
          ],
          "fields": "",
          "values": false
        },
        "showPercentChange": false,
        "textMode": "auto",
        "wideLayout": true
      },
      "pluginVersion": "10.3.3",
      "repeatDirection": "v",
      "targets": [
        {
          "datasource": {
            "type": "prometheus",
            "uid": "PBFA97CFB590B2093"
          },
          "expr": "(\n  sum (erlang_vm_allocators{usage=\"carriers_size\"} * on(instance, job) group_left(rabbitmq_cluster, rabbitmq_node) rabbitmq_identity_info{rabbitmq_cluster=\"$rabbitmq_cluster\", namespace=\"$namespace\", rabbitmq_node=\"$rabbitmq_node\"})\n  -\n  sum (erlang_vm_allocators{usage=\"blocks_size\"} * on(instance, job) group_left(rabbitmq_cluster, rabbitmq_node) rabbitmq_identity_info{rabbitmq_cluster=\"$rabbitmq_cluster\", namespace=\"$namespace\", rabbitmq_node=\"$rabbitmq_node\"})\n) / sum (erlang_vm_allocators{usage=\"carriers_size\"} * on(instance, job) group_left(rabbitmq_cluster, rabbitmq_node) rabbitmq_identity_info{rabbitmq_cluster=\"$rabbitmq_cluster\", namespace=\"$namespace\", rabbitmq_node=\"$rabbitmq_node\"})\n* 100",
          "format": "time_series",
          "intervalFactor": 1,
          "refId": "A"
        }
      ],
      "title": "Allocated Unused",
      "type": "stat"
    },
    {
      "datasource": {
        "type": "prometheus",
        "uid": "PBFA97CFB590B2093"
      },
      "description": "Total Size of Allocated Blocks\n\nMemory that is actively used by Erlang data.\n\nThe smallest unit of memory that an allocator can work with is called a `block`. When you call an allocator to allocate a certain amount of memory what you get back is a block. It is also blocks that you give as an argument to the allocator when you want to deallocate memory.\n\nThe allocator does not allocate blocks from the operating system directly though. Instead the allocator allocates a carrier from the operating system, either through `sys_alloc` or through `mseg_alloc`, which in turn uses `malloc` or `mmap`. If `sys_alloc` is used the carrier is placed on the C-heap and if `mseg_alloc` is used the carrier is placed in a segment.\n\nSmall blocks are placed in a multiblock carrier. A multiblock carrier can as the name suggests contain many blocks. Larger blocks are placed in a singleblock carrier, which as the name implies on contains one block.\n\nWhat’s considered a small and a large block is determined by the parameter singleblock carrier threshold (`sbct`).\n\n* [erts_alloc](http://erlang.org/doc/man/erts_alloc.html)\n* [The Memory Subsystem](https://github.com/happi/theBeamBook/blob/master/chapters/memory.asciidoc)",
      "fieldConfig": {
        "defaults": {
          "color": {
            "fixedColor": "rgb(255, 255, 255)",
            "mode": "fixed"
          },
          "decimals": 1,
          "mappings": [
            {
              "options": {
                "match": "null",
                "result": {
                  "text": "N/A"
                }
              },
              "type": "special"
            }
          ],
          "thresholds": {
            "mode": "absolute",
            "steps": [
              {
                "color": "green",
                "value": null
              },
              {
                "color": "red",
                "value": 80
              }
            ]
          },
          "unit": "decbytes",
          "unitScale": true
        },
        "overrides": []
      },
      "gridPos": {
        "h": 3,
        "w": 4,
        "x": 8,
        "y": 0
      },
      "id": 215,
      "links": [],
      "maxDataPoints": 100,
      "options": {
        "colorMode": "none",
        "graphMode": "area",
        "justifyMode": "auto",
        "orientation": "horizontal",
        "reduceOptions": {
          "calcs": [
            "lastNotNull"
          ],
          "fields": "",
          "values": false
        },
        "showPercentChange": false,
        "textMode": "auto",
        "wideLayout": true
      },
      "pluginVersion": "10.3.3",
      "repeatDirection": "v",
      "targets": [
        {
          "datasource": {
            "type": "prometheus",
            "uid": "PBFA97CFB590B2093"
          },
          "expr": "sum (erlang_vm_allocators{usage=\"blocks_size\"} * on(instance, job) group_left(rabbitmq_cluster, rabbitmq_node) rabbitmq_identity_info{rabbitmq_cluster=\"$rabbitmq_cluster\", namespace=\"$namespace\", rabbitmq_node=\"$rabbitmq_node\"})",
          "format": "time_series",
          "intervalFactor": 1,
          "refId": "A"
        }
      ],
      "title": "Allocated Used",
      "type": "stat"
    },
    {
      "datasource": {
        "type": "prometheus",
        "uid": "PBFA97CFB590B2093"
      },
      "description": "Allocated Carriers - Allocated Blocks\n\n* [erts_alloc](http://erlang.org/doc/man/erts_alloc.html)\n* [The Memory Subsystem](https://github.com/happi/theBeamBook/blob/master/chapters/memory.asciidoc)",
      "fieldConfig": {
        "defaults": {
          "color": {
            "fixedColor": "rgb(255, 255, 255)",
            "mode": "fixed"
          },
          "decimals": 1,
          "mappings": [
            {
              "options": {
                "match": "null",
                "result": {
                  "text": "N/A"
                }
              },
              "type": "special"
            }
          ],
          "thresholds": {
            "mode": "absolute",
            "steps": [
              {
                "color": "green",
                "value": null
              },
              {
                "color": "red",
                "value": 80
              }
            ]
          },
          "unit": "decbytes",
          "unitScale": true
        },
        "overrides": []
      },
      "gridPos": {
        "h": 3,
        "w": 4,
        "x": 12,
        "y": 0
      },
      "id": 216,
      "links": [],
      "maxDataPoints": 100,
      "options": {
        "colorMode": "none",
        "graphMode": "area",
        "justifyMode": "auto",
        "orientation": "horizontal",
        "reduceOptions": {
          "calcs": [
            "lastNotNull"
          ],
          "fields": "",
          "values": false
        },
        "showPercentChange": false,
        "textMode": "auto",
        "wideLayout": true
      },
      "pluginVersion": "10.3.3",
      "repeatDirection": "v",
      "targets": [
        {
          "datasource": {
            "type": "prometheus",
            "uid": "PBFA97CFB590B2093"
          },
          "expr": "sum (erlang_vm_allocators{usage=\"carriers_size\"} * on(instance, job) group_left(rabbitmq_cluster, rabbitmq_node) rabbitmq_identity_info{rabbitmq_cluster=\"$rabbitmq_cluster\", namespace=\"$namespace\", rabbitmq_node=\"$rabbitmq_node\"})\n-\nsum (erlang_vm_allocators{usage=\"blocks_size\"} * on(instance, job) group_left(rabbitmq_cluster, rabbitmq_node) rabbitmq_identity_info{rabbitmq_cluster=\"$rabbitmq_cluster\", namespace=\"$namespace\", rabbitmq_node=\"$rabbitmq_node\"})",
          "format": "time_series",
          "intervalFactor": 1,
          "refId": "A"
        }
      ],
      "title": "Allocated Unused",
      "type": "stat"
    },
    {
      "datasource": {
        "type": "prometheus",
        "uid": "PBFA97CFB590B2093"
      },
      "description": "Total Size of Allocated Carriers\n\nMemory that is reserved by the Erlang VM, which fits  one of the following descriptions:\n\n* actively used memory\n* memory given by the OS, yet-to-be-used\n* deallocated memory kept around before it is destroyed\n* carrier gaps in multi-block carriers (a.k.a. memory fragmentation)\n\nThe total size of allocated carriers can be either larger or smaller than the Erlang VM system process RSS memory.\n\n* [erts_alloc](http://erlang.org/doc/man/erts_alloc.html)\n* [The Memory Subsystem](https://github.com/happi/theBeamBook/blob/master/chapters/memory.asciidoc)",
      "fieldConfig": {
        "defaults": {
          "color": {
            "fixedColor": "rgb(255, 255, 255)",
            "mode": "fixed"
          },
          "decimals": 1,
          "mappings": [
            {
              "options": {
                "match": "null",
                "result": {
                  "text": "N/A"
                }
              },
              "type": "special"
            }
          ],
          "thresholds": {
            "mode": "absolute",
            "steps": [
              {
                "color": "green",
                "value": null
              },
              {
                "color": "red",
                "value": 80
              }
            ]
          },
          "unit": "decbytes",
          "unitScale": true
        },
        "overrides": []
      },
      "gridPos": {
        "h": 3,
        "w": 4,
        "x": 16,
        "y": 0
      },
      "id": 188,
      "links": [],
      "maxDataPoints": 100,
      "options": {
        "colorMode": "none",
        "graphMode": "area",
        "justifyMode": "auto",
        "orientation": "horizontal",
        "reduceOptions": {
          "calcs": [
            "lastNotNull"
          ],
          "fields": "",
          "values": false
        },
        "showPercentChange": false,
        "textMode": "auto",
        "wideLayout": true
      },
      "pluginVersion": "10.3.3",
      "repeatDirection": "v",
      "targets": [
        {
          "datasource": {
            "type": "prometheus",
            "uid": "PBFA97CFB590B2093"
          },
          "expr": "sum (erlang_vm_allocators{usage=\"carriers_size\"} * on(instance, job) group_left(rabbitmq_cluster, rabbitmq_node) rabbitmq_identity_info{rabbitmq_cluster=\"$rabbitmq_cluster\", namespace=\"$namespace\", rabbitmq_node=\"$rabbitmq_node\"})",
          "format": "time_series",
          "intervalFactor": 1,
          "refId": "A"
        }
      ],
      "title": "Allocated Total",
      "type": "stat"
    },
    {
      "datasource": {
        "type": "prometheus",
        "uid": "PBFA97CFB590B2093"
      },
      "description": "Erlang VM Resident Set Size (RSS)\n\nAs reported by the OS",
      "fieldConfig": {
        "defaults": {
          "color": {
            "fixedColor": "rgb(255, 255, 255)",
            "mode": "fixed"
          },
          "decimals": 1,
          "mappings": [
            {
              "options": {
                "match": "null",
                "result": {
                  "text": "N/A"
                }
              },
              "type": "special"
            }
          ],
          "thresholds": {
            "mode": "absolute",
            "steps": [
              {
                "color": "green",
                "value": null
              },
              {
                "color": "red",
                "value": 80
              }
            ]
          },
          "unit": "decbytes",
          "unitScale": true
        },
        "overrides": []
      },
      "gridPos": {
        "h": 3,
        "w": 4,
        "x": 20,
        "y": 0
      },
      "id": 214,
      "links": [],
      "maxDataPoints": 100,
      "options": {
        "colorMode": "none",
        "graphMode": "area",
        "justifyMode": "auto",
        "orientation": "horizontal",
        "reduceOptions": {
          "calcs": [
            "lastNotNull"
          ],
          "fields": "",
          "values": false
        },
        "showPercentChange": false,
        "textMode": "auto",
        "wideLayout": true
      },
      "pluginVersion": "10.3.3",
      "repeatDirection": "v",
      "targets": [
        {
          "datasource": {
            "type": "prometheus",
            "uid": "PBFA97CFB590B2093"
          },
          "expr": "sum (rabbitmq_process_resident_memory_bytes * on(instance, job) group_left(rabbitmq_cluster, rabbitmq_node) rabbitmq_identity_info{rabbitmq_cluster=\"$rabbitmq_cluster\", namespace=\"$namespace\", rabbitmq_node=\"$rabbitmq_node\"})",
          "format": "time_series",
          "intervalFactor": 1,
          "refId": "A"
        }
      ],
      "title": "Resident Set Size",
      "type": "stat"
    },
    {
      "datasource": {
        "type": "prometheus",
        "uid": "PBFA97CFB590B2093"
      },
      "fieldConfig": {
        "defaults": {
          "color": {
            "mode": "thresholds"
          },
          "custom": {
            "align": "auto",
            "cellOptions": {
              "type": "auto"
            },
            "inspect": false
          },
          "decimals": 1,
          "displayName": "",
          "mappings": [],
          "thresholds": {
            "mode": "absolute",
            "steps": [
              {
                "color": "green",
                "value": null
              },
              {
                "color": "red",
                "value": 80
              }
            ]
          },
          "unit": "decbytes",
          "unitScale": true
        },
        "overrides": [
          {
            "matcher": {
              "id": "byName",
              "options": "Metric"
            },
            "properties": [
              {
                "id": "unit",
                "value": "short"
              },
              {
                "id": "custom.align"
              }
            ]
          }
        ]
      },
      "gridPos": {
        "h": 7,
        "w": 8,
        "x": 0,
        "y": 3
      },
      "id": 59,
      "options": {
        "cellHeight": "sm",
        "footer": {
          "countRows": false,
          "fields": "",
          "reducer": [
            "sum"
          ],
          "show": false
        },
        "showHeader": true
      },
      "pluginVersion": "10.3.3",
      "targets": [
        {
          "datasource": {
            "type": "prometheus",
            "uid": "PBFA97CFB590B2093"
          },
          "expr": "rabbitmq_process_resident_memory_bytes * on(instance, job) group_left(rabbitmq_cluster, rabbitmq_node) rabbitmq_identity_info{rabbitmq_cluster=\"$rabbitmq_cluster\", namespace=\"$namespace\", rabbitmq_node=\"$rabbitmq_node\"}",
          "legendFormat": "Resident Set Size",
          "refId": "A"
        },
        {
          "datasource": {
            "type": "prometheus",
            "uid": "PBFA97CFB590B2093"
          },
          "expr": "sum (erlang_vm_allocators{usage=\"blocks_size\"} * on(instance, job) group_left(rabbitmq_cluster, rabbitmq_node) rabbitmq_identity_info{rabbitmq_cluster=\"$rabbitmq_cluster\", namespace=\"$namespace\", rabbitmq_node=\"$rabbitmq_node\"})",
          "legendFormat": "Allocated Used",
          "refId": "B"
        },
        {
          "datasource": {
            "type": "prometheus",
            "uid": "PBFA97CFB590B2093"
          },
          "expr": "sum (erlang_vm_allocators{usage=\"carriers_size\"} * on(instance, job) group_left(rabbitmq_cluster, rabbitmq_node) rabbitmq_identity_info{rabbitmq_cluster=\"$rabbitmq_cluster\", namespace=\"$namespace\", rabbitmq_node=\"$rabbitmq_node\"})\n-\nsum (erlang_vm_allocators{usage=\"blocks_size\"} * on(instance, job) group_left(rabbitmq_cluster, rabbitmq_node) rabbitmq_identity_info{rabbitmq_cluster=\"$rabbitmq_cluster\", namespace=\"$namespace\", rabbitmq_node=\"$rabbitmq_node\"})",
          "legendFormat": "Allocated Unused",
          "refId": "C"
        }
      ],
      "transformations": [
        {
          "id": "reduce",
          "options": {
            "includeTimeField": false,
            "reducers": [
              "min",
              "max",
              "mean",
              "last"
            ]
          }
        }
      ],
      "type": "table"
    },
    {
      "datasource": {
        "type": "prometheus",
        "uid": "PBFA97CFB590B2093"
      },
      "fieldConfig": {
        "defaults": {
          "color": {
            "mode": "palette-classic"
          },
          "custom": {
            "axisBorderShow": false,
            "axisCenteredZero": false,
            "axisColorMode": "text",
            "axisLabel": "",
            "axisPlacement": "auto",
            "barAlignment": 0,
            "drawStyle": "line",
            "fillOpacity": 0,
            "gradientMode": "none",
            "hideFrom": {
              "legend": false,
              "tooltip": false,
              "viz": false
            },
            "insertNulls": false,
            "lineInterpolation": "linear",
            "lineWidth": 1,
            "pointSize": 5,
            "scaleDistribution": {
              "type": "linear"
            },
            "showPoints": "never",
            "spanNulls": true,
            "stacking": {
              "group": "A",
              "mode": "none"
            },
            "thresholdsStyle": {
              "mode": "off"
            }
          },
          "decimals": 1,
          "links": [],
          "mappings": [],
          "min": 0,
          "thresholds": {
            "mode": "absolute",
            "steps": [
              {
                "color": "green",
                "value": null
              },
              {
                "color": "red",
                "value": 80
              }
            ]
          },
          "unit": "decbytes",
          "unitScale": true
        },
        "overrides": [
          {
            "matcher": {
              "id": "byName",
              "options": "Allocated Used"
            },
            "properties": [
              {
                "id": "color",
                "value": {
                  "fixedColor": "#37872D",
                  "mode": "fixed"
                }
              }
            ]
          },
          {
            "matcher": {
              "id": "byName",
              "options": "Allocated Unused"
            },
            "properties": [
              {
                "id": "color",
                "value": {
                  "fixedColor": "#FADE2A",
                  "mode": "fixed"
                }
              }
            ]
          },
          {
            "matcher": {
              "id": "byName",
              "options": "Resident Set Size"
            },
            "properties": [
              {
                "id": "color",
                "value": {
                  "fixedColor": "#C4162A",
                  "mode": "fixed"
                }
              },
              {
                "id": "custom.stacking",
                "value": {
                  "group": false,
                  "mode": "normal"
                }
              }
            ]
          }
        ]
      },
      "gridPos": {
        "h": 7,
        "w": 16,
        "x": 8,
        "y": 3
      },
      "id": 61,
      "links": [],
      "options": {
        "legend": {
          "calcs": [],
          "displayMode": "list",
          "placement": "bottom",
          "showLegend": true
        },
        "tooltip": {
          "mode": "multi",
          "sort": "none"
        }
      },
      "pluginVersion": "8.3.4",
      "repeatDirection": "v",
      "targets": [
        {
          "datasource": {
            "type": "prometheus",
            "uid": "PBFA97CFB590B2093"
          },
          "expr": "rabbitmq_process_resident_memory_bytes * on(instance, job) group_left(rabbitmq_cluster, rabbitmq_node) rabbitmq_identity_info{rabbitmq_cluster=\"$rabbitmq_cluster\", namespace=\"$namespace\", rabbitmq_node=\"$rabbitmq_node\"}",
          "format": "time_series",
          "instant": false,
          "intervalFactor": 1,
          "legendFormat": "Resident Set Size",
          "refId": "A"
        },
        {
          "datasource": {
            "type": "prometheus",
            "uid": "PBFA97CFB590B2093"
          },
          "expr": "sum (erlang_vm_allocators{usage=\"blocks_size\"} * on(instance, job) group_left(rabbitmq_cluster, rabbitmq_node) rabbitmq_identity_info{rabbitmq_cluster=\"$rabbitmq_cluster\", namespace=\"$namespace\", rabbitmq_node=\"$rabbitmq_node\"})",
          "legendFormat": "Allocated Used",
          "refId": "B"
        },
        {
          "datasource": {
            "type": "prometheus",
            "uid": "PBFA97CFB590B2093"
          },
          "expr": "sum (erlang_vm_allocators{usage=\"carriers_size\"} * on(instance, job) group_left(rabbitmq_cluster, rabbitmq_node) rabbitmq_identity_info{rabbitmq_cluster=\"$rabbitmq_cluster\", namespace=\"$namespace\", rabbitmq_node=\"$rabbitmq_node\"})\n-\nsum (erlang_vm_allocators{usage=\"blocks_size\"} * on(instance, job) group_left(rabbitmq_cluster, rabbitmq_node) rabbitmq_identity_info{rabbitmq_cluster=\"$rabbitmq_cluster\", namespace=\"$namespace\", rabbitmq_node=\"$rabbitmq_node\"})",
          "legendFormat": "Allocated Unused",
          "refId": "C"
        }
      ],
      "type": "timeseries"
    },
    {
      "collapsed": false,
      "datasource": {
        "type": "prometheus",
        "uid": "PBFA97CFB590B2093"
      },
      "gridPos": {
        "h": 1,
        "w": 24,
        "x": 0,
        "y": 10
      },
      "id": 226,
      "panels": [],
      "targets": [
        {
          "datasource": {
            "type": "prometheus",
            "uid": "PBFA97CFB590B2093"
          },
          "refId": "A"
        }
      ],
      "title": "Allocated by Allocator Type",
      "type": "row"
    },
    {
      "datasource": {
        "type": "prometheus",
        "uid": "PBFA97CFB590B2093"
      },
      "description": "",
      "fieldConfig": {
        "defaults": {
          "color": {
            "mode": "thresholds"
          },
          "custom": {
            "align": "auto",
            "cellOptions": {
              "type": "auto"
            },
            "inspect": false
          },
          "decimals": 1,
          "displayName": "",
          "mappings": [],
          "thresholds": {
            "mode": "absolute",
            "steps": [
              {
                "color": "green",
                "value": null
              },
              {
                "color": "red",
                "value": 80
              }
            ]
          },
          "unit": "decbytes",
          "unitScale": true
        },
        "overrides": [
          {
            "matcher": {
              "id": "byName",
              "options": "Metric"
            },
            "properties": [
              {
                "id": "displayName",
                "value": "Memory Allocator"
              },
              {
                "id": "unit",
                "value": "short"
              },
              {
                "id": "custom.align"
              }
            ]
          }
        ]
      },
      "gridPos": {
        "h": 10,
        "w": 8,
        "x": 0,
        "y": 11
      },
      "id": 55,
      "options": {
        "cellHeight": "sm",
        "footer": {
          "countRows": false,
          "fields": "",
          "reducer": [
            "sum"
          ],
          "show": false
        },
        "showHeader": true
      },
      "pluginVersion": "10.3.3",
      "targets": [
        {
          "datasource": {
            "type": "prometheus",
            "uid": "PBFA97CFB590B2093"
          },
          "expr": "sum by(alloc) (erlang_vm_allocators{usage=\"carriers_size\"} * on(instance, job) group_left(rabbitmq_cluster, rabbitmq_node) rabbitmq_identity_info{rabbitmq_cluster=\"$rabbitmq_cluster\", namespace=\"$namespace\", rabbitmq_node=\"$rabbitmq_node\"})",
          "legendFormat": "{{alloc}}",
          "refId": "A"
        }
      ],
      "transformations": [
        {
          "id": "reduce",
          "options": {
            "includeTimeField": false,
            "reducers": [
              "min",
              "max",
              "mean",
              "last"
            ]
          }
        }
      ],
      "type": "table"
    },
    {
      "datasource": {
        "type": "prometheus",
        "uid": "PBFA97CFB590B2093"
      },
      "fieldConfig": {
        "defaults": {
          "color": {
            "mode": "palette-classic"
          },
          "custom": {
            "axisBorderShow": false,
            "axisCenteredZero": false,
            "axisColorMode": "text",
            "axisLabel": "",
            "axisPlacement": "auto",
            "barAlignment": 0,
            "drawStyle": "line",
            "fillOpacity": 0,
            "gradientMode": "none",
            "hideFrom": {
              "legend": false,
              "tooltip": false,
              "viz": false
            },
            "insertNulls": false,
            "lineInterpolation": "linear",
            "lineWidth": 1,
            "pointSize": 5,
            "scaleDistribution": {
              "type": "linear"
            },
            "showPoints": "never",
            "spanNulls": true,
            "stacking": {
              "group": "A",
              "mode": "none"
            },
            "thresholdsStyle": {
              "mode": "off"
            }
          },
          "decimals": 1,
          "links": [],
          "mappings": [],
          "min": 0,
          "thresholds": {
            "mode": "absolute",
            "steps": [
              {
                "color": "green",
                "value": null
              },
              {
                "color": "red",
                "value": 80
              }
            ]
          },
          "unit": "decbytes",
          "unitScale": true
        },
        "overrides": []
      },
      "gridPos": {
        "h": 10,
        "w": 16,
        "x": 8,
        "y": 11
      },
      "id": 53,
      "links": [],
      "options": {
        "legend": {
          "calcs": [],
          "displayMode": "list",
          "placement": "bottom",
          "showLegend": true
        },
        "tooltip": {
          "mode": "multi",
          "sort": "none"
        }
      },
      "pluginVersion": "8.3.4",
      "repeatDirection": "v",
      "targets": [
        {
          "datasource": {
            "type": "prometheus",
            "uid": "PBFA97CFB590B2093"
          },
          "expr": "sum by(alloc) (erlang_vm_allocators{usage=\"carriers_size\"} * on(instance, job) group_left(rabbitmq_cluster, rabbitmq_node) rabbitmq_identity_info{rabbitmq_cluster=\"$rabbitmq_cluster\", namespace=\"$namespace\", rabbitmq_node=\"$rabbitmq_node\"})",
          "format": "time_series",
          "instant": false,
          "intervalFactor": 1,
          "legendFormat": "{{alloc}}",
          "refId": "A"
        }
      ],
      "type": "timeseries"
    },
    {
      "collapsed": false,
      "datasource": {
        "type": "prometheus",
        "uid": "PBFA97CFB590B2093"
      },
      "gridPos": {
        "h": 1,
        "w": 24,
        "x": 0,
        "y": 21
      },
      "id": 63,
      "panels": [],
      "repeat": "memory_allocator",
      "targets": [
        {
          "datasource": {
            "type": "prometheus",
            "uid": "PBFA97CFB590B2093"
          },
          "refId": "A"
        }
      ],
      "title": "$memory_allocator",
      "type": "row"
    },
    {
      "datasource": {
        "type": "prometheus",
        "uid": "PBFA97CFB590B2093"
      },
      "fieldConfig": {
        "defaults": {
          "color": {
            "mode": "thresholds"
          },
          "decimals": 1,
          "mappings": [
            {
              "options": {
                "match": "null",
                "result": {
                  "text": "N/A"
                }
              },
              "type": "special"
            }
          ],
          "thresholds": {
            "mode": "absolute",
            "steps": [
              {
                "color": "#E02F44"
              },
              {
                "color": "#3274D9",
                "value": 50
              },
              {
                "color": "#56A64B",
                "value": 75
              }
            ]
          },
          "unit": "percent"
        },
        "overrides": []
      },
      "gridPos": {
        "h": 3,
        "w": 4,
        "x": 0,
        "y": 22
      },
      "id": 20,
      "links": [],
      "maxDataPoints": 100,
      "options": {
        "colorMode": "value",
        "graphMode": "area",
        "justifyMode": "auto",
        "orientation": "horizontal",
        "reduceOptions": {
          "calcs": [
            "lastNotNull"
          ],
          "fields": "",
          "values": false
        },
        "textMode": "auto"
      },
      "pluginVersion": "8.3.4",
      "targets": [
        {
          "datasource": {
            "type": "prometheus",
            "uid": "PBFA97CFB590B2093"
          },
          "expr": "sum (erlang_vm_allocators{alloc=~\"$memory_allocator\", usage=\"blocks_size\", kind=\"mbcs\"} * on(instance, job) group_left(rabbitmq_cluster, rabbitmq_node) rabbitmq_identity_info{rabbitmq_cluster=\"$rabbitmq_cluster\", namespace=\"$namespace\", rabbitmq_node=\"$rabbitmq_node\"})\n/\nsum (erlang_vm_allocators{alloc=~\"$memory_allocator\", usage=\"carriers_size\", kind=\"mbcs\"} * on(instance, job) group_left(rabbitmq_cluster, rabbitmq_node) rabbitmq_identity_info{rabbitmq_cluster=\"$rabbitmq_cluster\", namespace=\"$namespace\", rabbitmq_node=\"$rabbitmq_node\"})\n* 100",
          "format": "time_series",
          "instant": false,
          "intervalFactor": 1,
          "refId": "A"
        }
      ],
      "title": "Multiblock - Utilization",
      "type": "stat"
    },
    {
      "datasource": {
        "type": "prometheus",
        "uid": "PBFA97CFB590B2093"
      },
      "fieldConfig": {
        "defaults": {
          "color": {
            "fixedColor": "rgb(255, 255, 255)",
            "mode": "fixed"
          },
          "decimals": 1,
          "mappings": [
            {
              "options": {
                "match": "null",
                "result": {
                  "text": "N/A"
                }
              },
              "type": "special"
            }
          ],
          "thresholds": {
            "mode": "absolute",
            "steps": [
              {
                "color": "green"
              },
              {
                "color": "red",
                "value": 80
              }
            ]
          },
          "unit": "decbytes"
        },
        "overrides": []
      },
      "gridPos": {
        "h": 3,
        "w": 2,
        "x": 4,
        "y": 22
      },
      "id": 234,
      "links": [],
      "maxDataPoints": 100,
      "options": {
        "colorMode": "none",
        "graphMode": "area",
        "justifyMode": "auto",
        "orientation": "horizontal",
        "reduceOptions": {
          "calcs": [
            "lastNotNull"
          ],
          "fields": "",
          "values": false
        },
        "textMode": "auto"
      },
      "pluginVersion": "8.3.4",
      "targets": [
        {
          "datasource": {
            "type": "prometheus",
            "uid": "PBFA97CFB590B2093"
          },
          "expr": "sum (erlang_vm_allocators{kind=\"mbcs\", alloc=\"$memory_allocator\", usage=\"carriers_size\"} * on(instance, job) group_left(rabbitmq_cluster, rabbitmq_node) rabbitmq_identity_info{rabbitmq_cluster=\"$rabbitmq_cluster\", namespace=\"$namespace\", rabbitmq_node=\"$rabbitmq_node\"})\n/\nsum (erlang_vm_allocators{kind=\"mbcs\", alloc=\"$memory_allocator\", usage=\"carriers\"} * on(instance, job) group_left(rabbitmq_cluster, rabbitmq_node) rabbitmq_identity_info{rabbitmq_cluster=\"$rabbitmq_cluster\", namespace=\"$namespace\", rabbitmq_node=\"$rabbitmq_node\"})",
          "format": "time_series",
          "instant": false,
          "intervalFactor": 1,
          "refId": "A"
        }
      ],
      "title": "MB-C",
      "type": "stat"
    },
    {
      "datasource": {
        "type": "prometheus",
        "uid": "PBFA97CFB590B2093"
      },
      "fieldConfig": {
        "defaults": {
          "color": {
            "fixedColor": "rgb(255, 255, 255)",
            "mode": "fixed"
          },
          "decimals": 1,
          "mappings": [
            {
              "options": {
                "match": "null",
                "result": {
                  "text": "N/A"
                }
              },
              "type": "special"
            }
          ],
          "thresholds": {
            "mode": "absolute",
            "steps": [
              {
                "color": "green"
              },
              {
                "color": "red",
                "value": 80
              }
            ]
          },
          "unit": "decbytes"
        },
        "overrides": []
      },
      "gridPos": {
        "h": 3,
        "w": 2,
        "x": 6,
        "y": 22
      },
      "id": 236,
      "links": [],
      "maxDataPoints": 100,
      "options": {
        "colorMode": "none",
        "graphMode": "area",
        "justifyMode": "auto",
        "orientation": "horizontal",
        "reduceOptions": {
          "calcs": [
            "lastNotNull"
          ],
          "fields": "",
          "values": false
        },
        "textMode": "auto"
      },
      "pluginVersion": "8.3.4",
      "targets": [
        {
          "datasource": {
            "type": "prometheus",
            "uid": "PBFA97CFB590B2093"
          },
          "expr": "sum (erlang_vm_allocators{kind=\"mbcs\", alloc=\"$memory_allocator\", usage=\"blocks_size\"} * on(instance, job) group_left(rabbitmq_cluster, rabbitmq_node) rabbitmq_identity_info{rabbitmq_cluster=\"$rabbitmq_cluster\", namespace=\"$namespace\", rabbitmq_node=\"$rabbitmq_node\"})\n/\nsum (erlang_vm_allocators{kind=\"mbcs\", alloc=\"$memory_allocator\", usage=\"blocks\"} * on(instance, job) group_left(rabbitmq_cluster, rabbitmq_node) rabbitmq_identity_info{rabbitmq_cluster=\"$rabbitmq_cluster\", namespace=\"$namespace\", rabbitmq_node=\"$rabbitmq_node\"})",
          "format": "time_series",
          "instant": false,
          "intervalFactor": 1,
          "refId": "A"
        }
      ],
      "title": "MB-B",
      "type": "stat"
    },
    {
      "datasource": {
        "type": "prometheus",
        "uid": "PBFA97CFB590B2093"
      },
      "fieldConfig": {
        "defaults": {
          "color": {
            "mode": "thresholds"
          },
          "decimals": 1,
          "mappings": [
            {
              "options": {
                "match": "null",
                "result": {
                  "text": "N/A"
                }
              },
              "type": "special"
            }
          ],
          "thresholds": {
            "mode": "absolute",
            "steps": [
              {
                "color": "#E02F44"
              },
              {
                "color": "#3274D9",
                "value": 50
              },
              {
                "color": "#56A64B",
                "value": 75
              }
            ]
          },
          "unit": "percent"
        },
        "overrides": []
      },
      "gridPos": {
        "h": 3,
        "w": 4,
        "x": 8,
        "y": 22
      },
      "id": 223,
      "links": [],
      "maxDataPoints": 100,
      "options": {
        "colorMode": "value",
        "graphMode": "area",
        "justifyMode": "auto",
        "orientation": "horizontal",
        "reduceOptions": {
          "calcs": [
            "lastNotNull"
          ],
          "fields": "",
          "values": false
        },
        "textMode": "auto"
      },
      "pluginVersion": "8.3.4",
      "targets": [
        {
          "datasource": {
            "type": "prometheus",
            "uid": "PBFA97CFB590B2093"
          },
          "expr": "sum (erlang_vm_allocators{alloc=~\"$memory_allocator\", usage=\"blocks_size\", kind=\"mbcs_pool\"} * on(instance, job) group_left(rabbitmq_cluster, rabbitmq_node) rabbitmq_identity_info{rabbitmq_cluster=\"$rabbitmq_cluster\", namespace=\"$namespace\", rabbitmq_node=\"$rabbitmq_node\"})\n/\nsum (erlang_vm_allocators{alloc=~\"$memory_allocator\", usage=\"carriers_size\", kind=\"mbcs_pool\"} * on(instance, job) group_left(rabbitmq_cluster, rabbitmq_node) rabbitmq_identity_info{rabbitmq_cluster=\"$rabbitmq_cluster\", namespace=\"$namespace\", rabbitmq_node=\"$rabbitmq_node\"})\n* 100",
          "format": "time_series",
          "instant": false,
          "intervalFactor": 1,
          "refId": "A"
        }
      ],
      "title": "Multiblock Pool - Utilization",
      "type": "stat"
    },
    {
      "datasource": {
        "type": "prometheus",
        "uid": "PBFA97CFB590B2093"
      },
      "fieldConfig": {
        "defaults": {
          "color": {
            "fixedColor": "rgb(255, 255, 255)",
            "mode": "fixed"
          },
          "decimals": 1,
          "mappings": [
            {
              "options": {
                "match": "null",
                "result": {
                  "text": "N/A"
                }
              },
              "type": "special"
            }
          ],
          "thresholds": {
            "mode": "absolute",
            "steps": [
              {
                "color": "green"
              },
              {
                "color": "red",
                "value": 80
              }
            ]
          },
          "unit": "decbytes"
        },
        "overrides": []
      },
      "gridPos": {
        "h": 3,
        "w": 2,
        "x": 12,
        "y": 22
      },
      "id": 238,
      "links": [],
      "maxDataPoints": 100,
      "options": {
        "colorMode": "none",
        "graphMode": "area",
        "justifyMode": "auto",
        "orientation": "horizontal",
        "reduceOptions": {
          "calcs": [
            "lastNotNull"
          ],
          "fields": "",
          "values": false
        },
        "textMode": "auto"
      },
      "pluginVersion": "8.3.4",
      "targets": [
        {
          "datasource": {
            "type": "prometheus",
            "uid": "PBFA97CFB590B2093"
          },
          "expr": "sum (erlang_vm_allocators{kind=\"mbcs_pool\", alloc=\"$memory_allocator\", usage=\"carriers_size\"} * on(instance, job) group_left(rabbitmq_cluster, rabbitmq_node) rabbitmq_identity_info{rabbitmq_cluster=\"$rabbitmq_cluster\", namespace=\"$namespace\", rabbitmq_node=\"$rabbitmq_node\"})\n/\nsum (erlang_vm_allocators{kind=\"mbcs_pool\", alloc=\"$memory_allocator\", usage=\"carriers\"} * on(instance, job) group_left(rabbitmq_cluster, rabbitmq_node) rabbitmq_identity_info{rabbitmq_cluster=\"$rabbitmq_cluster\", namespace=\"$namespace\", rabbitmq_node=\"$rabbitmq_node\"})",
          "format": "time_series",
          "instant": false,
          "intervalFactor": 1,
          "refId": "A"
        }
      ],
      "title": "MBP-C",
      "type": "stat"
    },
    {
      "datasource": {
        "type": "prometheus",
        "uid": "PBFA97CFB590B2093"
      },
      "fieldConfig": {
        "defaults": {
          "color": {
            "fixedColor": "rgb(255, 255, 255)",
            "mode": "fixed"
          },
          "decimals": 1,
          "mappings": [
            {
              "options": {
                "match": "null",
                "result": {
                  "text": "N/A"
                }
              },
              "type": "special"
            }
          ],
          "thresholds": {
            "mode": "absolute",
            "steps": [
              {
                "color": "green"
              },
              {
                "color": "red",
                "value": 80
              }
            ]
          },
          "unit": "decbytes"
        },
        "overrides": []
      },
      "gridPos": {
        "h": 3,
        "w": 2,
        "x": 14,
        "y": 22
      },
      "id": 241,
      "links": [],
      "maxDataPoints": 100,
      "options": {
        "colorMode": "none",
        "graphMode": "area",
        "justifyMode": "auto",
        "orientation": "horizontal",
        "reduceOptions": {
          "calcs": [
            "lastNotNull"
          ],
          "fields": "",
          "values": false
        },
        "textMode": "auto"
      },
      "pluginVersion": "8.3.4",
      "targets": [
        {
          "datasource": {
            "type": "prometheus",
            "uid": "PBFA97CFB590B2093"
          },
          "expr": "sum (erlang_vm_allocators{kind=\"mbcs_pool\", alloc=\"$memory_allocator\", usage=\"blocks_size\"} * on(instance, job) group_left(rabbitmq_cluster, rabbitmq_node) rabbitmq_identity_info{rabbitmq_cluster=\"$rabbitmq_cluster\", namespace=\"$namespace\", rabbitmq_node=\"$rabbitmq_node\"})\n/\nsum (erlang_vm_allocators{kind=\"mbcs_pool\", alloc=\"$memory_allocator\", usage=\"blocks\"} * on(instance, job) group_left(rabbitmq_cluster, rabbitmq_node) rabbitmq_identity_info{rabbitmq_cluster=\"$rabbitmq_cluster\", namespace=\"$namespace\", rabbitmq_node=\"$rabbitmq_node\"})",
          "format": "time_series",
          "instant": false,
          "intervalFactor": 1,
          "refId": "A"
        }
      ],
      "title": "MBP-B",
      "type": "stat"
    },
    {
      "datasource": {
        "type": "prometheus",
        "uid": "PBFA97CFB590B2093"
      },
      "fieldConfig": {
        "defaults": {
          "color": {
            "mode": "thresholds"
          },
          "decimals": 1,
          "mappings": [
            {
              "options": {
                "match": "null",
                "result": {
                  "text": "N/A"
                }
              },
              "type": "special"
            }
          ],
          "thresholds": {
            "mode": "absolute",
            "steps": [
              {
                "color": "#E02F44"
              },
              {
                "color": "#3274D9",
                "value": 50
              },
              {
                "color": "#56A64B",
                "value": 75
              }
            ]
          },
          "unit": "percent"
        },
        "overrides": []
      },
      "gridPos": {
        "h": 3,
        "w": 4,
        "x": 16,
        "y": 22
      },
      "id": 231,
      "links": [],
      "maxDataPoints": 100,
      "options": {
        "colorMode": "value",
        "graphMode": "area",
        "justifyMode": "auto",
        "orientation": "horizontal",
        "reduceOptions": {
          "calcs": [
            "lastNotNull"
          ],
          "fields": "",
          "values": false
        },
        "textMode": "auto"
      },
      "pluginVersion": "8.3.4",
      "targets": [
        {
          "datasource": {
            "type": "prometheus",
            "uid": "PBFA97CFB590B2093"
          },
          "expr": "sum (erlang_vm_allocators{alloc=~\"$memory_allocator\", usage=\"blocks_size\", kind=\"sbcs\"} * on(instance, job) group_left(rabbitmq_cluster, rabbitmq_node) rabbitmq_identity_info{rabbitmq_cluster=\"$rabbitmq_cluster\", namespace=\"$namespace\", rabbitmq_node=\"$rabbitmq_node\"})\n/\nsum (erlang_vm_allocators{alloc=~\"$memory_allocator\", usage=\"carriers_size\", kind=\"sbcs\"} * on(instance, job) group_left(rabbitmq_cluster, rabbitmq_node) rabbitmq_identity_info{rabbitmq_cluster=\"$rabbitmq_cluster\", namespace=\"$namespace\", rabbitmq_node=\"$rabbitmq_node\"})\n* 100",
          "format": "time_series",
          "instant": false,
          "intervalFactor": 1,
          "refId": "A"
        }
      ],
      "title": "Singleblock - Utilization",
      "type": "stat"
    },
    {
      "datasource": {
        "type": "prometheus",
        "uid": "PBFA97CFB590B2093"
      },
      "fieldConfig": {
        "defaults": {
          "color": {
            "fixedColor": "rgb(255, 255, 255)",
            "mode": "fixed"
          },
          "decimals": 1,
          "mappings": [
            {
              "options": {
                "match": "null",
                "result": {
                  "text": "N/A"
                }
              },
              "type": "special"
            }
          ],
          "thresholds": {
            "mode": "absolute",
            "steps": [
              {
                "color": "green"
              },
              {
                "color": "red",
                "value": 80
              }
            ]
          },
          "unit": "decbytes"
        },
        "overrides": []
      },
      "gridPos": {
        "h": 3,
        "w": 2,
        "x": 20,
        "y": 22
      },
      "id": 242,
      "links": [],
      "maxDataPoints": 100,
      "options": {
        "colorMode": "none",
        "graphMode": "area",
        "justifyMode": "auto",
        "orientation": "horizontal",
        "reduceOptions": {
          "calcs": [
            "lastNotNull"
          ],
          "fields": "",
          "values": false
        },
        "textMode": "auto"
      },
      "pluginVersion": "8.3.4",
      "targets": [
        {
          "datasource": {
            "type": "prometheus",
            "uid": "PBFA97CFB590B2093"
          },
          "expr": "sum (erlang_vm_allocators{kind=\"sbcs\", alloc=\"$memory_allocator\", usage=\"carriers_size\"} * on(instance, job) group_left(rabbitmq_cluster, rabbitmq_node) rabbitmq_identity_info{rabbitmq_cluster=\"$rabbitmq_cluster\", namespace=\"$namespace\", rabbitmq_node=\"$rabbitmq_node\"})\n/\nsum (erlang_vm_allocators{kind=\"sbcs\", alloc=\"$memory_allocator\", usage=\"carriers\"} * on(instance, job) group_left(rabbitmq_cluster, rabbitmq_node) rabbitmq_identity_info{rabbitmq_cluster=\"$rabbitmq_cluster\", namespace=\"$namespace\", rabbitmq_node=\"$rabbitmq_node\"})",
          "format": "time_series",
          "instant": false,
          "intervalFactor": 1,
          "refId": "A"
        }
      ],
      "title": "SB-C",
      "type": "stat"
    },
    {
      "datasource": {
        "type": "prometheus",
        "uid": "PBFA97CFB590B2093"
      },
      "fieldConfig": {
        "defaults": {
          "color": {
            "fixedColor": "rgb(255, 255, 255)",
            "mode": "fixed"
          },
          "decimals": 1,
          "mappings": [
            {
              "options": {
                "match": "null",
                "result": {
                  "text": "N/A"
                }
              },
              "type": "special"
            }
          ],
          "thresholds": {
            "mode": "absolute",
            "steps": [
              {
                "color": "green"
              },
              {
                "color": "red",
                "value": 80
              }
            ]
          },
          "unit": "decbytes"
        },
        "overrides": []
      },
      "gridPos": {
        "h": 3,
        "w": 2,
        "x": 22,
        "y": 22
      },
      "id": 243,
      "links": [],
      "maxDataPoints": 100,
      "options": {
        "colorMode": "none",
        "graphMode": "area",
        "justifyMode": "auto",
        "orientation": "horizontal",
        "reduceOptions": {
          "calcs": [
            "lastNotNull"
          ],
          "fields": "",
          "values": false
        },
        "textMode": "auto"
      },
      "pluginVersion": "8.3.4",
      "targets": [
        {
          "datasource": {
            "type": "prometheus",
            "uid": "PBFA97CFB590B2093"
          },
          "expr": "sum (erlang_vm_allocators{kind=\"sbcs\", alloc=\"$memory_allocator\", usage=\"blocks_size\"} * on(instance, job) group_left(rabbitmq_cluster, rabbitmq_node) rabbitmq_identity_info{rabbitmq_cluster=\"$rabbitmq_cluster\", namespace=\"$namespace\", rabbitmq_node=\"$rabbitmq_node\"})\n/\nsum (erlang_vm_allocators{kind=\"sbcs\", alloc=\"$memory_allocator\", usage=\"blocks\"} * on(instance, job) group_left(rabbitmq_cluster, rabbitmq_node) rabbitmq_identity_info{rabbitmq_cluster=\"$rabbitmq_cluster\", namespace=\"$namespace\", rabbitmq_node=\"$rabbitmq_node\"})",
          "format": "time_series",
          "instant": false,
          "intervalFactor": 1,
          "refId": "A"
        }
      ],
      "title": "SB-B",
      "type": "stat"
    },
    {
      "datasource": {
        "type": "prometheus",
        "uid": "PBFA97CFB590B2093"
      },
      "description": "",
      "fieldConfig": {
        "defaults": {
          "color": {
            "mode": "thresholds"
          },
          "custom": {
            "align": "auto",
            "cellOptions": {
              "type": "auto"
            }
          },
          "decimals": 1,
          "displayName": "",
          "mappings": [],
          "thresholds": {
            "mode": "absolute",
            "steps": [
              {
                "color": "green"
              },
              {
                "color": "red",
                "value": 80
              }
            ]
          },
          "unit": "decbytes"
        },
        "overrides": [
          {
            "matcher": {
              "id": "byName",
              "options": "Metric"
            },
            "properties": [
              {
                "id": "unit",
                "value": "short"
              },
              {
                "id": "custom.align"
              }
            ]
          }
        ]
      },
      "gridPos": {
        "h": 7,
        "w": 8,
        "x": 0,
        "y": 25
      },
      "id": 227,
      "options": {
        "footer": {
          "fields": "",
          "reducer": [
            "sum"
          ],
          "show": false
        },
        "showHeader": true
      },
      "pluginVersion": "8.3.4",
      "targets": [
        {
          "datasource": {
            "type": "prometheus",
            "uid": "PBFA97CFB590B2093"
          },
          "expr": "sum (erlang_vm_allocators{alloc=~\"$memory_allocator\", usage=\"blocks_size\", kind=\"mbcs\"} * on(instance, job) group_left(rabbitmq_cluster, rabbitmq_node) rabbitmq_identity_info{rabbitmq_cluster=\"$rabbitmq_cluster\", namespace=\"$namespace\", rabbitmq_node=\"$rabbitmq_node\"})",
          "legendFormat": "Multiblock - Used",
          "refId": "A"
        },
        {
          "datasource": {
            "type": "prometheus",
            "uid": "PBFA97CFB590B2093"
          },
          "expr": "sum (erlang_vm_allocators{alloc=~\"$memory_allocator\", usage=\"carriers_size\", kind=\"mbcs\"} * on(instance, job) group_left(rabbitmq_cluster, rabbitmq_node) rabbitmq_identity_info{rabbitmq_cluster=\"$rabbitmq_cluster\", namespace=\"$namespace\", rabbitmq_node=\"$rabbitmq_node\"})\n-\nsum (erlang_vm_allocators{alloc=~\"$memory_allocator\", usage=\"blocks_size\", kind=\"mbcs\"} * on(instance, job) group_left(rabbitmq_cluster, rabbitmq_node) rabbitmq_identity_info{rabbitmq_cluster=\"$rabbitmq_cluster\", namespace=\"$namespace\", rabbitmq_node=\"$rabbitmq_node\"})",
          "legendFormat": "Multiblock - Unused",
          "refId": "B"
        },
        {
          "datasource": {
            "type": "prometheus",
            "uid": "PBFA97CFB590B2093"
          },
          "expr": "sum (erlang_vm_allocators{alloc=~\"$memory_allocator\", usage=\"blocks_size\", kind=\"mbcs_pool\"} * on(instance, job) group_left(rabbitmq_cluster, rabbitmq_node) rabbitmq_identity_info{rabbitmq_cluster=\"$rabbitmq_cluster\", namespace=\"$namespace\", rabbitmq_node=\"$rabbitmq_node\"})",
          "legendFormat": "Multiblock Pool - Used",
          "refId": "C"
        },
        {
          "datasource": {
            "type": "prometheus",
            "uid": "PBFA97CFB590B2093"
          },
          "expr": "sum (erlang_vm_allocators{alloc=~\"$memory_allocator\", usage=\"carriers_size\", kind=\"mbcs_pool\"} * on(instance, job) group_left(rabbitmq_cluster, rabbitmq_node) rabbitmq_identity_info{rabbitmq_cluster=\"$rabbitmq_cluster\", namespace=\"$namespace\", rabbitmq_node=\"$rabbitmq_node\"})\n-\nsum (erlang_vm_allocators{alloc=~\"$memory_allocator\", usage=\"blocks_size\", kind=\"mbcs_pool\"} * on(instance, job) group_left(rabbitmq_cluster, rabbitmq_node) rabbitmq_identity_info{rabbitmq_cluster=\"$rabbitmq_cluster\", namespace=\"$namespace\", rabbitmq_node=\"$rabbitmq_node\"})",
          "legendFormat": "Multiblock Pool - Unused",
          "refId": "D"
        },
        {
          "datasource": {
            "type": "prometheus",
            "uid": "PBFA97CFB590B2093"
          },
          "expr": "sum (erlang_vm_allocators{alloc=~\"$memory_allocator\", usage=\"blocks_size\", kind=\"sbcs\"} * on(instance, job) group_left(rabbitmq_cluster, rabbitmq_node) rabbitmq_identity_info{rabbitmq_cluster=\"$rabbitmq_cluster\", namespace=\"$namespace\", rabbitmq_node=\"$rabbitmq_node\"})",
          "legendFormat": "Singleblock - Used",
          "refId": "E"
        },
        {
          "datasource": {
            "type": "prometheus",
            "uid": "PBFA97CFB590B2093"
          },
          "expr": "sum (erlang_vm_allocators{alloc=~\"$memory_allocator\", usage=\"carriers_size\", kind=\"sbcs\"} * on(instance, job) group_left(rabbitmq_cluster, rabbitmq_node) rabbitmq_identity_info{rabbitmq_cluster=\"$rabbitmq_cluster\", namespace=\"$namespace\", rabbitmq_node=\"$rabbitmq_node\"})\n-\nsum (erlang_vm_allocators{alloc=~\"$memory_allocator\", usage=\"blocks_size\", kind=\"sbcs\"} * on(instance, job) group_left(rabbitmq_cluster, rabbitmq_node) rabbitmq_identity_info{rabbitmq_cluster=\"$rabbitmq_cluster\", namespace=\"$namespace\", rabbitmq_node=\"$rabbitmq_node\"})",
          "legendFormat": "Singleblock - Unused",
          "refId": "F"
        }
      ],
      "title": "$memory_allocator - Usage",
      "transformations": [
        {
          "id": "reduce",
          "options": {
            "includeTimeField": false,
            "reducers": [
              "min",
              "max",
              "mean",
              "last"
            ]
          }
        }
      ],
      "type": "table"
    },
    {
      "datasource": {
        "type": "prometheus",
        "uid": "PBFA97CFB590B2093"
      },
      "fieldConfig": {
        "defaults": {
          "color": {
            "mode": "palette-classic"
          },
          "custom": {
            "axisLabel": "",
            "axisPlacement": "auto",
            "barAlignment": 0,
            "drawStyle": "line",
            "fillOpacity": 0,
            "gradientMode": "none",
            "hideFrom": {
              "legend": false,
              "tooltip": false,
              "viz": false
            },
            "lineInterpolation": "linear",
            "lineWidth": 1,
            "pointSize": 5,
            "scaleDistribution": {
              "type": "linear"
            },
            "showPoints": "never",
            "spanNulls": true,
            "stacking": {
              "group": "A",
              "mode": "none"
            },
            "thresholdsStyle": {
              "mode": "off"
            }
          },
          "decimals": 1,
          "links": [],
          "mappings": [],
          "min": 0,
          "thresholds": {
            "mode": "absolute",
            "steps": [
              {
                "color": "green"
              },
              {
                "color": "red",
                "value": 80
              }
            ]
          },
          "unit": "decbytes"
        },
        "overrides": [
          {
            "matcher": {
              "id": "byName",
              "options": "Multiblock - Used"
            },
            "properties": [
              {
                "id": "color",
                "value": {
                  "fixedColor": "#1F60C4",
                  "mode": "fixed"
                }
              }
            ]
          },
          {
            "matcher": {
              "id": "byName",
              "options": "Multiblock - Unused"
            },
            "properties": [
              {
                "id": "color",
                "value": {
                  "fixedColor": "#8AB8FF",
                  "mode": "fixed"
                }
              }
            ]
          },
          {
            "matcher": {
              "id": "byName",
              "options": "Multiblock Pool - Used"
            },
            "properties": [
              {
                "id": "color",
                "value": {
                  "fixedColor": "#8F3BB8",
                  "mode": "fixed"
                }
              }
            ]
          },
          {
            "matcher": {
              "id": "byName",
              "options": "Multiblock Pool - Unused"
            },
            "properties": [
              {
                "id": "color",
                "value": {
                  "fixedColor": "#CA95E5",
                  "mode": "fixed"
                }
              }
            ]
          },
          {
            "matcher": {
              "id": "byName",
              "options": "Singleblock - Used"
            },
            "properties": [
              {
                "id": "color",
                "value": {
                  "fixedColor": "#FA6400",
                  "mode": "fixed"
                }
              }
            ]
          },
          {
            "matcher": {
              "id": "byName",
              "options": "Singleblock - Unused"
            },
            "properties": [
              {
                "id": "color",
                "value": {
                  "fixedColor": "#FFB357",
                  "mode": "fixed"
                }
              }
            ]
          }
        ]
      },
      "gridPos": {
        "h": 7,
        "w": 16,
        "x": 8,
        "y": 25
      },
      "id": 244,
      "links": [],
      "options": {
        "legend": {
          "calcs": [],
          "displayMode": "list",
          "placement": "bottom",
          "showLegend": true
        },
        "tooltip": {
          "mode": "multi"
        }
      },
      "pluginVersion": "8.3.4",
      "targets": [
        {
          "datasource": {
            "type": "prometheus",
            "uid": "PBFA97CFB590B2093"
          },
          "expr": "sum (erlang_vm_allocators{alloc=~\"$memory_allocator\", usage=\"blocks_size\", kind=\"mbcs\"} * on(instance, job) group_left(rabbitmq_cluster, rabbitmq_node) rabbitmq_identity_info{rabbitmq_cluster=\"$rabbitmq_cluster\", namespace=\"$namespace\", rabbitmq_node=\"$rabbitmq_node\"})",
          "format": "time_series",
          "intervalFactor": 1,
          "legendFormat": "Multiblock - Used",
          "refId": "A"
        },
        {
          "datasource": {
            "type": "prometheus",
            "uid": "PBFA97CFB590B2093"
          },
          "expr": "sum (erlang_vm_allocators{alloc=~\"$memory_allocator\", usage=\"carriers_size\", kind=\"mbcs\"} * on(instance, job) group_left(rabbitmq_cluster, rabbitmq_node) rabbitmq_identity_info{rabbitmq_cluster=\"$rabbitmq_cluster\", namespace=\"$namespace\", rabbitmq_node=\"$rabbitmq_node\"})\n-\nsum (erlang_vm_allocators{alloc=~\"$memory_allocator\", usage=\"blocks_size\", kind=\"mbcs\"} * on(instance, job) group_left(rabbitmq_cluster, rabbitmq_node) rabbitmq_identity_info{rabbitmq_cluster=\"$rabbitmq_cluster\", namespace=\"$namespace\", rabbitmq_node=\"$rabbitmq_node\"})",
          "legendFormat": "Multiblock - Unused",
          "refId": "B"
        },
        {
          "datasource": {
            "type": "prometheus",
            "uid": "PBFA97CFB590B2093"
          },
          "expr": "sum (erlang_vm_allocators{alloc=~\"$memory_allocator\", usage=\"blocks_size\", kind=\"mbcs_pool\"} * on(instance, job) group_left(rabbitmq_cluster, rabbitmq_node) rabbitmq_identity_info{rabbitmq_cluster=\"$rabbitmq_cluster\", namespace=\"$namespace\", rabbitmq_node=\"$rabbitmq_node\"})",
          "legendFormat": "Multiblock Pool - Used",
          "refId": "C"
        },
        {
          "datasource": {
            "type": "prometheus",
            "uid": "PBFA97CFB590B2093"
          },
          "expr": "sum (erlang_vm_allocators{alloc=~\"$memory_allocator\", usage=\"carriers_size\", kind=\"mbcs_pool\"} * on(instance, job) group_left(rabbitmq_cluster, rabbitmq_node) rabbitmq_identity_info{rabbitmq_cluster=\"$rabbitmq_cluster\", namespace=\"$namespace\", rabbitmq_node=\"$rabbitmq_node\"})\n-\nsum (erlang_vm_allocators{alloc=~\"$memory_allocator\", usage=\"blocks_size\", kind=\"mbcs_pool\"} * on(instance, job) group_left(rabbitmq_cluster, rabbitmq_node) rabbitmq_identity_info{rabbitmq_cluster=\"$rabbitmq_cluster\", namespace=\"$namespace\", rabbitmq_node=\"$rabbitmq_node\"})",
          "legendFormat": "Multiblock Pool - Unused",
          "refId": "D"
        },
        {
          "datasource": {
            "type": "prometheus",
            "uid": "PBFA97CFB590B2093"
          },
          "expr": "sum (erlang_vm_allocators{alloc=~\"$memory_allocator\", usage=\"blocks_size\", kind=\"sbcs\"} * on(instance, job) group_left(rabbitmq_cluster, rabbitmq_node) rabbitmq_identity_info{rabbitmq_cluster=\"$rabbitmq_cluster\", namespace=\"$namespace\", rabbitmq_node=\"$rabbitmq_node\"})",
          "legendFormat": "Singleblock - Used",
          "refId": "E"
        },
        {
          "datasource": {
            "type": "prometheus",
            "uid": "PBFA97CFB590B2093"
          },
          "expr": "sum (erlang_vm_allocators{alloc=~\"$memory_allocator\", usage=\"carriers_size\", kind=\"sbcs\"} * on(instance, job) group_left(rabbitmq_cluster, rabbitmq_node) rabbitmq_identity_info{rabbitmq_cluster=\"$rabbitmq_cluster\", namespace=\"$namespace\", rabbitmq_node=\"$rabbitmq_node\"})\n-\nsum (erlang_vm_allocators{alloc=~\"$memory_allocator\", usage=\"blocks_size\", kind=\"sbcs\"} * on(instance, job) group_left(rabbitmq_cluster, rabbitmq_node) rabbitmq_identity_info{rabbitmq_cluster=\"$rabbitmq_cluster\", namespace=\"$namespace\", rabbitmq_node=\"$rabbitmq_node\"})",
          "legendFormat": "Singleblock - Unused",
          "refId": "F"
        }
      ],
      "title": "$memory_allocator - Usage",
      "type": "timeseries"
    },
    {
      "datasource": {
        "type": "prometheus",
        "uid": "PBFA97CFB590B2093"
      },
      "description": "",
      "fieldConfig": {
        "defaults": {
          "color": {
            "mode": "thresholds"
          },
          "custom": {
            "align": "auto",
            "cellOptions": {
              "type": "auto"
            }
          },
          "decimals": 1,
          "displayName": "",
          "mappings": [],
          "thresholds": {
            "mode": "absolute",
            "steps": [
              {
                "color": "green"
              },
              {
                "color": "red",
                "value": 80
              }
            ]
          },
          "unit": "decbytes"
        },
        "overrides": [
          {
            "matcher": {
              "id": "byName",
              "options": "Metric"
            },
            "properties": [
              {
                "id": "unit",
                "value": "short"
              },
              {
                "id": "custom.align"
              }
            ]
          }
        ]
      },
      "gridPos": {
        "h": 7,
        "w": 8,
        "x": 0,
        "y": 32
      },
      "id": 232,
      "options": {
        "footer": {
          "fields": "",
          "reducer": [
            "sum"
          ],
          "show": false
        },
        "showHeader": true
      },
      "pluginVersion": "8.3.4",
      "targets": [
        {
          "datasource": {
            "type": "prometheus",
            "uid": "PBFA97CFB590B2093"
          },
          "expr": "sum (erlang_vm_allocators{kind=\"mbcs\", alloc=\"$memory_allocator\", usage=\"carriers_size\"} * on(instance, job) group_left(rabbitmq_cluster, rabbitmq_node) rabbitmq_identity_info{rabbitmq_cluster=\"$rabbitmq_cluster\", namespace=\"$namespace\", rabbitmq_node=\"$rabbitmq_node\"})\n/\nsum (erlang_vm_allocators{kind=\"mbcs\", alloc=\"$memory_allocator\", usage=\"carriers\"} * on(instance, job) group_left(rabbitmq_cluster, rabbitmq_node) rabbitmq_identity_info{rabbitmq_cluster=\"$rabbitmq_cluster\", namespace=\"$namespace\", rabbitmq_node=\"$rabbitmq_node\"})",
          "legendFormat": "Multiblock - Carrier",
          "refId": "A"
        },
        {
          "datasource": {
            "type": "prometheus",
            "uid": "PBFA97CFB590B2093"
          },
          "expr": "sum (erlang_vm_allocators{kind=\"mbcs\", alloc=\"$memory_allocator\", usage=\"blocks_size\"} * on(instance, job) group_left(rabbitmq_cluster, rabbitmq_node) rabbitmq_identity_info{rabbitmq_cluster=\"$rabbitmq_cluster\", namespace=\"$namespace\", rabbitmq_node=\"$rabbitmq_node\"})\n/\nsum (erlang_vm_allocators{kind=\"mbcs\", alloc=\"$memory_allocator\", usage=\"blocks\"} * on(instance, job) group_left(rabbitmq_cluster, rabbitmq_node) rabbitmq_identity_info{rabbitmq_cluster=\"$rabbitmq_cluster\", namespace=\"$namespace\", rabbitmq_node=\"$rabbitmq_node\"})",
          "legendFormat": "Multiblock - Block",
          "refId": "B"
        },
        {
          "datasource": {
            "type": "prometheus",
            "uid": "PBFA97CFB590B2093"
          },
          "expr": "sum (erlang_vm_allocators{kind=\"mbcs_pool\", alloc=\"$memory_allocator\", usage=\"carriers_size\"} * on(instance, job) group_left(rabbitmq_cluster, rabbitmq_node) rabbitmq_identity_info{rabbitmq_cluster=\"$rabbitmq_cluster\", namespace=\"$namespace\", rabbitmq_node=\"$rabbitmq_node\"})\n/\nsum (erlang_vm_allocators{kind=\"mbcs_pool\", alloc=\"$memory_allocator\", usage=\"carriers\"} * on(instance, job) group_left(rabbitmq_cluster, rabbitmq_node) rabbitmq_identity_info{rabbitmq_cluster=\"$rabbitmq_cluster\", namespace=\"$namespace\", rabbitmq_node=\"$rabbitmq_node\"})",
          "legendFormat": "Multiblock Pool - Carrier",
          "refId": "C"
        },
        {
          "datasource": {
            "type": "prometheus",
            "uid": "PBFA97CFB590B2093"
          },
          "expr": "sum (erlang_vm_allocators{kind=\"mbcs_pool\", alloc=\"$memory_allocator\", usage=\"blocks_size\"} * on(instance, job) group_left(rabbitmq_cluster, rabbitmq_node) rabbitmq_identity_info{rabbitmq_cluster=\"$rabbitmq_cluster\", namespace=\"$namespace\", rabbitmq_node=\"$rabbitmq_node\"})\n/\nsum (erlang_vm_allocators{kind=\"mbcs_pool\", alloc=\"$memory_allocator\", usage=\"blocks\"} * on(instance, job) group_left(rabbitmq_cluster, rabbitmq_node) rabbitmq_identity_info{rabbitmq_cluster=\"$rabbitmq_cluster\", namespace=\"$namespace\", rabbitmq_node=\"$rabbitmq_node\"})",
          "legendFormat": "Multiblock Pool - Block",
          "refId": "D"
        },
        {
          "datasource": {
            "type": "prometheus",
            "uid": "PBFA97CFB590B2093"
          },
          "expr": "sum (erlang_vm_allocators{kind=\"sbcs\", alloc=\"$memory_allocator\", usage=\"carriers_size\"} * on(instance, job) group_left(rabbitmq_cluster, rabbitmq_node) rabbitmq_identity_info{rabbitmq_cluster=\"$rabbitmq_cluster\", namespace=\"$namespace\", rabbitmq_node=\"$rabbitmq_node\"})\n/\nsum (erlang_vm_allocators{kind=\"sbcs\", alloc=\"$memory_allocator\", usage=\"carriers\"} * on(instance, job) group_left(rabbitmq_cluster, rabbitmq_node) rabbitmq_identity_info{rabbitmq_cluster=\"$rabbitmq_cluster\", namespace=\"$namespace\", rabbitmq_node=\"$rabbitmq_node\"})",
          "legendFormat": "Singleblock - Carrier",
          "refId": "E"
        },
        {
          "datasource": {
            "type": "prometheus",
            "uid": "PBFA97CFB590B2093"
          },
          "expr": "sum (erlang_vm_allocators{kind=\"sbcs\", alloc=\"$memory_allocator\", usage=\"blocks_size\"} * on(instance, job) group_left(rabbitmq_cluster, rabbitmq_node) rabbitmq_identity_info{rabbitmq_cluster=\"$rabbitmq_cluster\", namespace=\"$namespace\", rabbitmq_node=\"$rabbitmq_node\"})\n/\nsum (erlang_vm_allocators{kind=\"sbcs\", alloc=\"$memory_allocator\", usage=\"blocks\"} * on(instance, job) group_left(rabbitmq_cluster, rabbitmq_node) rabbitmq_identity_info{rabbitmq_cluster=\"$rabbitmq_cluster\", namespace=\"$namespace\", rabbitmq_node=\"$rabbitmq_node\"})",
          "legendFormat": "Singleblock - Block",
          "refId": "F"
        }
      ],
      "title": "$memory_allocator - Average Size",
      "transformations": [
        {
          "id": "reduce",
          "options": {
            "includeTimeField": false,
            "reducers": [
              "min",
              "max",
              "mean",
              "last"
            ]
          }
        }
      ],
      "type": "table"
    },
    {
      "datasource": {
        "type": "prometheus",
        "uid": "PBFA97CFB590B2093"
      },
      "fieldConfig": {
        "defaults": {
          "color": {
            "mode": "palette-classic"
          },
          "custom": {
            "axisLabel": "",
            "axisPlacement": "auto",
            "barAlignment": 0,
            "drawStyle": "line",
            "fillOpacity": 0,
            "gradientMode": "none",
            "hideFrom": {
              "legend": false,
              "tooltip": false,
              "viz": false
            },
            "lineInterpolation": "linear",
            "lineWidth": 1,
            "pointSize": 5,
            "scaleDistribution": {
              "type": "linear"
            },
            "showPoints": "never",
            "spanNulls": true,
            "stacking": {
              "group": "A",
              "mode": "none"
            },
            "thresholdsStyle": {
              "mode": "off"
            }
          },
          "decimals": 1,
          "links": [],
          "mappings": [],
          "min": 0,
          "thresholds": {
            "mode": "absolute",
            "steps": [
              {
                "color": "green"
              },
              {
                "color": "red",
                "value": 80
              }
            ]
          },
          "unit": "decbytes"
        },
        "overrides": [
          {
            "matcher": {
              "id": "byName",
              "options": "Multiblock - Block"
            },
            "properties": [
              {
                "id": "color",
                "value": {
                  "fixedColor": "#1F60C4",
                  "mode": "fixed"
                }
              }
            ]
          },
          {
            "matcher": {
              "id": "byName",
              "options": "Multiblock - Carrier"
            },
            "properties": [
              {
                "id": "color",
                "value": {
                  "fixedColor": "#8AB8FF",
                  "mode": "fixed"
                }
              }
            ]
          },
          {
            "matcher": {
              "id": "byName",
              "options": "Multiblock Pool - Block"
            },
            "properties": [
              {
                "id": "color",
                "value": {
                  "fixedColor": "#8F3BB8",
                  "mode": "fixed"
                }
              }
            ]
          },
          {
            "matcher": {
              "id": "byName",
              "options": "Multiblock Pool - Carrier"
            },
            "properties": [
              {
                "id": "color",
                "value": {
                  "fixedColor": "#CA95E5",
                  "mode": "fixed"
                }
              }
            ]
          },
          {
            "matcher": {
              "id": "byName",
              "options": "Singleblock - Block"
            },
            "properties": [
              {
                "id": "color",
                "value": {
                  "fixedColor": "#FA6400",
                  "mode": "fixed"
                }
              }
            ]
          },
          {
            "matcher": {
              "id": "byName",
              "options": "Singleblock - Carrier"
            },
            "properties": [
              {
                "id": "color",
                "value": {
                  "fixedColor": "#FFB357",
                  "mode": "fixed"
                }
              }
            ]
          }
        ]
      },
      "gridPos": {
        "h": 7,
        "w": 16,
        "x": 8,
        "y": 32
      },
      "id": 235,
      "links": [],
      "options": {
        "legend": {
          "calcs": [],
          "displayMode": "list",
          "placement": "bottom",
          "showLegend": true
        },
        "tooltip": {
          "mode": "multi"
        }
      },
      "pluginVersion": "8.3.4",
      "targets": [
        {
          "datasource": {
            "type": "prometheus",
            "uid": "PBFA97CFB590B2093"
          },
          "expr": "sum (erlang_vm_allocators{kind=\"mbcs\", alloc=\"$memory_allocator\", usage=\"blocks_size\"} * on(instance, job) group_left(rabbitmq_cluster, rabbitmq_node) rabbitmq_identity_info{rabbitmq_cluster=\"$rabbitmq_cluster\", namespace=\"$namespace\", rabbitmq_node=\"$rabbitmq_node\"})\n/\nsum (erlang_vm_allocators{kind=\"mbcs\", alloc=\"$memory_allocator\", usage=\"blocks\"} * on(instance, job) group_left(rabbitmq_cluster, rabbitmq_node) rabbitmq_identity_info{rabbitmq_cluster=\"$rabbitmq_cluster\", namespace=\"$namespace\", rabbitmq_node=\"$rabbitmq_node\"})",
          "format": "time_series",
          "intervalFactor": 1,
          "legendFormat": "Multiblock - Block",
          "refId": "A"
        },
        {
          "datasource": {
            "type": "prometheus",
            "uid": "PBFA97CFB590B2093"
          },
          "expr": "sum (erlang_vm_allocators{kind=\"mbcs\", alloc=\"$memory_allocator\", usage=\"carriers_size\"} * on(instance, job) group_left(rabbitmq_cluster, rabbitmq_node) rabbitmq_identity_info{rabbitmq_cluster=\"$rabbitmq_cluster\", namespace=\"$namespace\", rabbitmq_node=\"$rabbitmq_node\"})\n/\nsum (erlang_vm_allocators{kind=\"mbcs\", alloc=\"$memory_allocator\", usage=\"carriers\"} * on(instance, job) group_left(rabbitmq_cluster, rabbitmq_node) rabbitmq_identity_info{rabbitmq_cluster=\"$rabbitmq_cluster\", namespace=\"$namespace\", rabbitmq_node=\"$rabbitmq_node\"})",
          "legendFormat": "Multiblock - Carrier",
          "refId": "B"
        },
        {
          "datasource": {
            "type": "prometheus",
            "uid": "PBFA97CFB590B2093"
          },
          "expr": "sum (erlang_vm_allocators{kind=\"mbcs_pool\", alloc=\"$memory_allocator\", usage=\"blocks_size\"} * on(instance, job) group_left(rabbitmq_cluster, rabbitmq_node) rabbitmq_identity_info{rabbitmq_cluster=\"$rabbitmq_cluster\", namespace=\"$namespace\", rabbitmq_node=\"$rabbitmq_node\"})\n/\nsum (erlang_vm_allocators{kind=\"mbcs_pool\", alloc=\"$memory_allocator\", usage=\"blocks\"} * on(instance, job) group_left(rabbitmq_cluster, rabbitmq_node) rabbitmq_identity_info{rabbitmq_cluster=\"$rabbitmq_cluster\", namespace=\"$namespace\", rabbitmq_node=\"$rabbitmq_node\"})",
          "legendFormat": "Multiblock Pool - Block",
          "refId": "C"
        },
        {
          "datasource": {
            "type": "prometheus",
            "uid": "PBFA97CFB590B2093"
          },
          "expr": "sum (erlang_vm_allocators{kind=\"mbcs_pool\", alloc=\"$memory_allocator\", usage=\"carriers_size\"} * on(instance, job) group_left(rabbitmq_cluster, rabbitmq_node) rabbitmq_identity_info{rabbitmq_cluster=\"$rabbitmq_cluster\", namespace=\"$namespace\", rabbitmq_node=\"$rabbitmq_node\"})\n/\nsum (erlang_vm_allocators{kind=\"mbcs_pool\", alloc=\"$memory_allocator\", usage=\"carriers\"} * on(instance, job) group_left(rabbitmq_cluster, rabbitmq_node) rabbitmq_identity_info{rabbitmq_cluster=\"$rabbitmq_cluster\", namespace=\"$namespace\", rabbitmq_node=\"$rabbitmq_node\"})",
          "legendFormat": "Multiblock Pool - Carrier",
          "refId": "D"
        },
        {
          "datasource": {
            "type": "prometheus",
            "uid": "PBFA97CFB590B2093"
          },
          "expr": "sum (erlang_vm_allocators{kind=\"sbcs\", alloc=\"$memory_allocator\", usage=\"blocks_size\"} * on(instance, job) group_left(rabbitmq_cluster, rabbitmq_node) rabbitmq_identity_info{rabbitmq_cluster=\"$rabbitmq_cluster\", namespace=\"$namespace\", rabbitmq_node=\"$rabbitmq_node\"})\n/\nsum (erlang_vm_allocators{kind=\"sbcs\", alloc=\"$memory_allocator\", usage=\"blocks\"} * on(instance, job) group_left(rabbitmq_cluster, rabbitmq_node) rabbitmq_identity_info{rabbitmq_cluster=\"$rabbitmq_cluster\", namespace=\"$namespace\", rabbitmq_node=\"$rabbitmq_node\"})",
          "legendFormat": "Singleblock - Block",
          "refId": "E"
        },
        {
          "datasource": {
            "type": "prometheus",
            "uid": "PBFA97CFB590B2093"
          },
          "expr": "sum (erlang_vm_allocators{kind=\"sbcs\", alloc=\"$memory_allocator\", usage=\"carriers_size\"} * on(instance, job) group_left(rabbitmq_cluster, rabbitmq_node) rabbitmq_identity_info{rabbitmq_cluster=\"$rabbitmq_cluster\", namespace=\"$namespace\", rabbitmq_node=\"$rabbitmq_node\"})\n/\nsum (erlang_vm_allocators{kind=\"sbcs\", alloc=\"$memory_allocator\", usage=\"carriers\"} * on(instance, job) group_left(rabbitmq_cluster, rabbitmq_node) rabbitmq_identity_info{rabbitmq_cluster=\"$rabbitmq_cluster\", namespace=\"$namespace\", rabbitmq_node=\"$rabbitmq_node\"})",
          "legendFormat": "Singleblock - Carrier",
          "refId": "F"
        }
      ],
      "title": "$memory_allocator - Average Size",
      "type": "timeseries"
    }
  ],
  "refresh": "15s",
  "schemaVersion": 39,
  "tags": [
    "rabbitmq-prometheus"
  ],
  "templating": {
    "list": [
      {
        "current": {
          "selected": false,
          "text": "default",
          "value": "default"
        },
        "datasource": "PBFA97CFB590B2093",
        "hide": 2,
        "includeAll": false,
        "label": "datasource",
        "multi": false,
        "name": "DS_PROMETHEUS",
        "options": [],
        "query": "prometheus",
        "refresh": 1,
        "regex": "",
        "skipUrlSync": false,
        "type": "datasource"
      },
      {
        "current": {
          "isNone": true,
          "selected": false,
          "text": "None",
          "value": ""
        },
        "datasource": {
          "type": "prometheus",
          "uid": "PBFA97CFB590B2093"
        },
        "definition": "label_values(rabbitmq_identity_info, namespace)",
        "hide": 0,
        "includeAll": false,
        "label": "Namespace",
        "multi": false,
        "name": "namespace",
        "options": [],
        "query": {
          "query": "label_values(rabbitmq_identity_info, namespace)",
          "refId": "Prometheus-namespace-Variable-Query"
        },
        "refresh": 2,
        "regex": "",
        "skipUrlSync": false,
        "sort": 1,
        "tagValuesQuery": "",
        "tagsQuery": "",
        "type": "query",
        "useTags": false
      },
      {
        "current": {
          "selected": false,
          "text": "rabbit@rmq0",
          "value": "rabbit@rmq0"
        },
        "datasource": {
          "type": "prometheus",
          "uid": "PBFA97CFB590B2093"
        },
        "definition": "label_values(rabbitmq_identity_info{namespace=\"$namespace\"}, rabbitmq_cluster)",
        "hide": 0,
        "includeAll": false,
        "label": "RabbitMQ Cluster",
        "multi": false,
        "name": "rabbitmq_cluster",
        "options": [],
        "query": {
          "query": "label_values(rabbitmq_identity_info{namespace=\"$namespace\"}, rabbitmq_cluster)",
          "refId": "Prometheus-rabbitmq_cluster-Variable-Query"
        },
        "refresh": 2,
        "regex": "",
        "skipUrlSync": false,
        "sort": 1,
        "tagValuesQuery": "",
        "tagsQuery": "",
        "type": "query",
        "useTags": false
      },
      {
        "current": {
          "selected": false,
          "text": "rabbit@rmq0",
          "value": "rabbit@rmq0"
        },
        "datasource": {
          "type": "prometheus",
          "uid": "PBFA97CFB590B2093"
        },
        "definition": "label_values(rabbitmq_identity_info{rabbitmq_cluster=\"$rabbitmq_cluster\", namespace=\"$namespace\"}, rabbitmq_node)",
        "hide": 0,
        "includeAll": false,
        "label": "RabbitMQ Node",
        "multi": false,
        "name": "rabbitmq_node",
        "options": [],
        "query": {
          "query": "label_values(rabbitmq_identity_info{rabbitmq_cluster=\"$rabbitmq_cluster\", namespace=\"$namespace\"}, rabbitmq_node)",
          "refId": "Prometheus-rabbitmq_node-Variable-Query"
        },
        "refresh": 2,
        "regex": "",
        "skipUrlSync": false,
        "sort": 1,
        "tagValuesQuery": "",
        "tagsQuery": "",
        "type": "query",
        "useTags": false
      },
      {
        "current": {
          "selected": false,
          "text": "All",
          "value": "$__all"
        },
        "datasource": {
          "type": "prometheus",
          "uid": "PBFA97CFB590B2093"
        },
        "definition": "label_values(erlang_vm_allocators, alloc)",
        "hide": 0,
        "includeAll": true,
        "label": "Erlang Memory Allocator",
        "multi": true,
        "name": "memory_allocator",
        "options": [],
        "query": {
          "query": "label_values(erlang_vm_allocators, alloc)",
          "refId": "Prometheus-memory_allocator-Variable-Query"
        },
        "refresh": 1,
        "regex": "",
        "skipUrlSync": false,
        "sort": 1,
        "tagValuesQuery": "",
        "tagsQuery": "",
        "type": "query",
        "useTags": false
      }
    ]
  },
  "time": {
    "from": "now-15m",
    "to": "now"
  },
  "timepicker": {
    "refresh_intervals": [
      "15s",
      "30s",
      "1m",
      "5m",
      "10m"
    ],
    "time_options": [
      "5m",
      "15m",
      "1h",
      "6h",
      "12h",
      "24h",
      "2d",
      "7d",
      "30d"
    ]
  },
  "timezone": "",
  "title": "Erlang-Memory-Allocators",
  "uid": "o_rtdpWik",
  "version": 1,
  "weekStart": ""
}